"id";"order_no";"description";"title";"activated";"topic_id";"created_by";"last_modified_by"
"1";"1";"Category1";"tbl_test_1";"false";"1";"system";"system"
"2";"2";"Category2";"tbl_test_2";"false";"2";"system";"system"
"3";"3";"Category3";"tbl_test_3";"false";"3";"system";"system"
"4";"4";"Category4";"tbl_test_4";"false";"4";"system";"system"
"5";"5";"Category5";"tbl_test_5";"false";"5";"system";"system"
"6";"6";"Category6";"tbl_test_6";"false";"1";"system";"system"
"7";"7";"Category7";"tbl_test_7";"false";"2";"system";"system"
"8";"8";"Category8";"tbl_test_8";"false";"3";"system";"system"
"9";"9";"Category9";"tbl_test_9";"false";"4";"system";"system"
"10";"10";"Category10";"tbl_test_10";"false";"5";"system";"system"
