id;title;description;created_by;last_modified_by
1;Generic Gloves Knoll;turquoise maroon Programmable;system;system
2;orchidXXXX;Generic withdrawal relationships;system;system
3;Rest Market;Nebraska;system;system
4;Cove Adaptive Credit;payment deposit Human;system;system
5;Unbranded paradigms;Republic;system;system
6;demand-driven Computers schemas;deliver Gorgeous deposit;system;system
7;AlbaniaXXX;Programmable Pierre;system;system
8;cyanXXXXXX;Illinois;system;system
9;robust Concrete Steel;Terrace;system;system
10;AccountXXX;grow Hawaii;system;system
