"id";"order_no";"name";"activated";"group_id";"created_by";"last_modified_by"
"1";"1";"Item1";"false";"1";"system";"system"
"2";"2";"Item2";"true";"2";"system";"system"
"3";"3";"Item3";"false";"3";"system";"system"
"4";"4";"Item4";"false";"4";"system";"system"
"5";"5";"Item5";"true";"5";"system";"system"
"6";"6";"Item6";"false";"1";"system";"system"
"7";"7";"Item7";"false";"2";"system";"system"
"8";"8";"Item8";"true";"3";"system";"system"
"9";"9";"Item9";"false";"4";"system";"system"
"10";"10";"Item10";"false";"5";"system";"system"
