"id";"order_no";"title";"activated";"created_by";"last_modified_by"
"1";"1";"Subject1";"true";"system";"system"
"2";"2";"Subject2";"false";"system";"system"
"3";"3";"Subject3";"true";"system";"system"
"4";"4";"Subject4";"true";"system";"system"
"5";"5";"Subject5";"false";"system";"system"
"6";"6";"Subject6";"true";"system";"system"
"7";"7";"Subject7";"false";"system";"system"
"8";"8";"Subject8";"true";"system";"system"
"9";"9";"Subject9";"false";"system";"system"
"10";"10";"Subject10";"true";"system";"system"
